spp,x,G,N
Species1,-0.04423552279707053,15.879144264098423,888084.0503922725
Species2,0.47310333914432495,15.332225037774167,767380.2259838168
Species3,-0.34464355529345647,15.239333117365698,863943.9423573745
Species4,0.11262249947525062,14.718717600363178,749507.823690436
Species5,-0.7660739559660248,16.03775705746712,667931.3531932037
Species6,-0.5015542805417791,15.758371187868374,1.0823136383023541e6
Species7,0.22688053917457437,15.64313495259293,829839.4533737056
Species8,-0.4036454886858529,15.244372320898131,900971.1986849937
Species9,-0.1484081949054932,16.31581185848092,920639.3602216926
Species10,-0.026974389590380968,15.357234524559146,1.0597553560226948e6
Species11,0.3673105217143543,15.542249495425622,1.0111584719983764e6
Species12,-0.2385986044415056,15.496516125404217,1.0151943764584315e6
Species13,-8.870809373396977,4.97718370086733,2.3825484601827353e7
Species14,0.05237386200689311,16.5415802389051,864196.3518280175
Species15,-0.013348265762967156,16.25384366258754,901588.6242892582
Species16,0.974734741782211,15.053170317506071,1.0376730203315695e6
Species17,0.28957116621195433,16.03506682071674,842335.3750084761
Species18,-0.29817030177328707,14.989283727323134,853198.6344257285
Species19,-0.262257821010635,15.083988053099008,987627.8812966963
Species20,0.8189725282484346,14.637295228012448,933384.4763306961
Species21,0.13580664978710583,15.724056575045509,949295.3385812513
Species22,-0.03755948444383671,14.971421150525355,854484.1407159937
Species23,-7.281409084721422,6.7957213607085984,8.765784262402968e6
Species24,0.3424206501789233,15.355653647048989,922860.8849123685
Species25,-0.3487430151566886,15.091576083365457,742336.9153638532
Species26,-3.4404432477884397,11.200080223622464,963730.7094969241
Species27,-1.2873265221111403,15.153757999473434,823706.4324766735
Species28,0.4720644093507412,15.941154090528817,1.0556234485540388e6
Species29,-0.25251303208830683,15.507095234768647,907912.8071220674
Species30,-1.7888132710307714,12.478956379982987,830122.348262928
Species31,0.4034254726716052,15.429025775604964,669118.9342490658
Species32,-0.5267841004581248,14.79599954622736,842410.2312779519
Species33,-0.20871209836764593,15.196533585992793,848742.4217750225
Species34,-0.3877930935543375,15.624142821024458,1.0384144675005926e6
Species35,0.229937056510345,14.529215598831813,811118.0355654904
Species36,0.1221260256541388,14.930725934032832,1.0246046038577888e6
Species37,-0.23867221850321566,14.414945553740939,812256.6250973546
Species38,-0.06418352230921232,15.038883405021304,908510.9283570271
Species39,-0.418273117688825,15.834738938590272,1.0248198690522115e6
Species40,-0.24159293737612847,14.912879576714696,792687.1972977486
Species41,0.04236137662958972,15.106806258385912,888756.159223669
Species42,4.053275607763844,2.893814047296598,2.7306483421806856e6
Species43,0.47948278028190017,15.845194602020689,923064.4897459019
Species44,-4.387026940736366,9.90521577920848,1.4060862775874147e6
Species45,-0.43770074050983343,15.720512081546254,1.0085411881125616e6
Species46,0.3733277824335937,15.387916964276148,911283.8564255277
Species47,-0.3059792969294486,15.6608441105417,901379.3385219781
Species48,-1.0944348725442596,14.743679298266844,1.0474667895895729e6
Species49,0.2911774956426272,15.309295627490382,970222.3934462639
Species50,0.1298305294985593,15.298511128107888,971689.3350363417
Species51,0.6561287444099805,15.326857026765792,995314.9539579597
Species52,-0.39858215310000156,14.312833936570922,732951.2075158043
Species53,-0.902380704403178,15.338147760505466,909169.9005592504
Species54,0.39655585613898875,14.895436744591677,777811.0397506978
Species55,-7.542766519236215,7.675305153171893,2.8604461297590606e7
Species56,-1.1358069228130547,14.749752404646687,979661.7875559255
Species57,-0.1990188866697527,15.549308092491987,880765.2903641362
Species58,-0.1071747218448661,15.639742672509168,962972.619245564
Species59,-0.5839628856969571,15.894120121464091,922293.1922449623
Species60,-0.5269001524963551,15.707107701800338,1.0355324564454538e6
Species61,-0.39229836725570294,14.547971457764339,962043.6896234506
Species62,-0.16615071159144074,15.956184331935406,933998.737233752
Species63,-3.4702065462590554,11.251942722444642,1.250020702962716e6
Species64,0.597190740881583,14.154597351554997,790823.7956546315
Species65,5.63603342652571,9.30147088841203,4.158673826683663e6
Species66,0.18130976096983922,14.81832682864886,792556.3968886936
Species67,-0.134605598491269,15.691640089712752,1.0037165642943452e6
Species68,0.26558997011407415,15.682036266418892,790917.6098241556
Species69,-0.12898814833231945,15.660620368793984,838797.0443247923
Species70,0.5157951751613596,15.625759367409685,958184.6446500167
Species71,-0.34225358183562515,15.227927235767957,933993.4748027391
Species72,1.1194194740057801,15.162057173847916,1.069248635748955e6
Species73,0.16614626277125288,15.766063287714564,810744.5110118192
Species74,-0.08076416437900212,15.73468257187994,848668.4761421405
Species75,-0.36407172062775084,14.767580156547549,843120.1935352682
Species76,-4.3226904316501935,3.4855174446107497,2.0221249462261598e6
Species77,-4.293784088440386,16.211508041288965,4.89562929993423e7
Species78,0.18435789365514407,16.780724017164918,746552.6975448964
Species79,-0.2190274286595389,15.312711373379793,1.0470871545154642e6
Species80,-0.06219291328967295,14.808826980620557,946547.6122495686
Species81,0.04305702300345749,14.548515766511679,862264.2860341582
Species82,-0.0427540191314014,14.15752487622268,814062.7897912447
Species83,-0.17502383432523802,15.460968892269918,879138.4062189148
Species84,-0.29894987656662886,15.195792125923056,1.0141379383103427e6
Species85,0.1261469772404774,15.280534090898415,959637.4238044602
Species86,0.11959604678723604,15.404159654200377,909368.5865638127
Species87,0.04698911378439086,15.760835764405071,869276.160874742
Species88,0.2017182925730452,15.953997522672294,861617.4806279419
Species89,0.9265557671872245,14.827107084638621,850304.8948408078
Species90,4.6751712771978715,10.723233786639454,3.067479898740982e6
Species91,-0.40416863903910905,14.8957260726148,916557.5188449885
Species92,-0.16434046668417387,16.462286457080715,775075.7554046714
Species93,0.4764301082524602,14.75180470924301,714097.6113527257
Species94,0.420913489376977,15.064049395462186,674625.5925526652
Species95,-0.09209669670437168,15.143838228441735,997346.9883073363
Species96,0.2518695891619149,16.18876262402598,896291.4161325399
Species97,0.40071882449174184,14.217302689215423,611932.4038223815
Species98,-0.2856428374217787,15.673666518695775,855651.722559951
Species99,0.48673880188821317,15.678817401054186,799900.2054572084
Species100,0.03992317836789426,15.844597461329569,972062.0802300996
Species101,-0.22053138026605446,15.713581192000674,996434.5233535318
Species102,-0.11659062515428724,16.207743662769413,858517.1185101452
Species103,1.1182459832201694,14.476421817132476,896806.4043987405
Species104,-0.6466412854229956,15.245093113159074,768432.6505684383
Species105,-0.026123313047470047,15.42293289889938,846267.4748033325
Species106,-0.5727881899335688,15.37398178203492,770039.5657658876
Species107,-4.6485972982565755,9.57772342081918,2.3839011405037767e6
Species108,1.2090519930462802,14.22432293233346,869632.9365537041
Species109,-0.31991234322584244,16.34164036320646,833081.3491905645
Species110,0.0033866738666746775,16.02696035982909,1.0386825224498644e6
Species111,-0.4123853507582513,15.245456008236474,848673.7411204187
Species112,4.317190531177254,10.199474538692435,1.7453684220726546e6
Species113,-0.4868237143017709,15.978749654250294,972485.4314388096
Species114,-0.5264738213549928,15.512908704566838,980601.3142406944
Species115,0.5179532044022973,15.718828570042415,884581.7007325405
Species116,-0.4484828367363875,15.147832270760595,994857.4900212658
Species117,-0.6886378823330851,15.664881594838883,1.0166370235570791e6
Species118,0.06577046179412244,16.456985142332798,1.0394223706957182e6
Species119,-0.2352191113483082,15.86395196791838,1.059311159285361e6
Species120,-0.2632539285318059,14.977448883365447,858249.4977205541
Species121,-0.3586142159445882,15.887702883720998,895502.0278798545
Species122,-0.7765227984284214,14.770271196359426,714692.23369167
Species123,7.810552532854926,8.152886879845234,4.904619878355763e7
Species124,0.0715799689132676,14.471488691824359,986825.7071367652
Species125,0.39897295879757144,15.380018142369583,851669.8693037174
Species126,-0.5190297477681857,15.721855860116255,1.0035410484586835e6
Species127,-0.6017499241648824,15.353442585448677,924564.0400075981
Species128,0.6673865781044098,14.222523361510653,1.0455736252971723e6
Species129,2.291299552733721,12.339063552347186,753201.0204353504
Species130,-1.1774719703146062,13.55097397274656,957233.4964985694
Species131,-0.0844966013775119,16.67933658365805,1.03717109319985e6
Species132,-0.4065971546291282,15.953430456539413,936140.5082331939
Species133,-3.5095071000504343,11.052326434756894,1.1723039005662308e6
Species134,0.04629746822527526,14.765728157046366,1.0049276953635531e6
Species135,-0.4320896552683621,14.408194184513102,937626.2250889663
Species136,0.25288877392,15.614243158589549,766629.7839777555
Species137,-0.44021833336950505,15.454910181966845,926035.9486818502
Species138,-1.0414877195888281,15.210179902739924,949068.4327984097
Species139,-4.242388186911038,4.557251990718778,2.669526675723845e6
Species140,-0.019676872919415393,15.542463210346103,759849.6373998389
Species141,3.536161112292759,15.743240913918656,2.177696070296496e7
Species142,-4.383332023200062,3.3878534063210686,2.4291248531568577e6
Species143,0.017675735835057667,16.11660057313524,1.0110505284022669e6
Species144,5.214369185075378,9.699240358172004,3.065776602524896e6
Species145,-3.5855271726999556,11.085055357819325,1.114789345804143e6
Species146,-0.4136218592997841,15.676861042475641,732873.2529207263
Species147,-0.0017089247764750356,15.044099182957993,864164.090575385
Species148,-0.1383732883541094,15.11788537752071,1.087710528359383e6
Species149,-0.0454451655046207,16.090938936467083,794292.9347365545
Species150,-0.3159620465437115,15.60382025839724,883071.6483617334
Species151,-0.41494643314606916,15.571604689464042,917801.847350361
Species152,-0.46188682211120347,14.994041248660801,810611.4481261425
Species153,6.665601357993007,7.966052901310752,7.706469269961443e6
Species154,-0.03883363366562211,15.869053505433838,1.0068630069154154e6
Species155,-0.31854104574391334,15.57682103548109,973279.5460089684
Species156,-0.6852180758180757,15.092771771937857,949343.580500339
Species157,-0.14908797571922974,15.704097966197862,746352.6567301257
Species158,-0.6104005287010973,15.379962706558063,732021.5910848463
Species159,5.40574751714465,9.483501222920136,3.6156125395753146e6
Species160,-0.23876239589426845,15.850895052457071,970087.944274588
Species161,0.13909677875549933,15.047611354128392,842998.3312012266
Species162,-0.0978978636812931,15.414594321401554,803370.5031478171
Species163,-2.6485456335482467,12.482255010311672,802636.8400913525
Species164,-4.284356418786895,4.5599790799130835,2.360314226803219e6
Species165,-0.31574638660395404,15.441085687794923,818878.4467438417
Species166,0.10506759323315687,16.623397450796126,1.0530495745980763e6
Species167,0.87816380390964,15.015333713442706,1.0807995090925645e6
Species168,0.2637780392107567,14.943160638877837,823564.9028547851
Species169,5.1910570995916006,9.88834254320293,2.6981123512606407e6
Species170,-0.09096559078983109,15.711245565484019,853911.8181253563
Species171,-0.08163001095067884,15.521508096607699,1.0257953507848171e6
Species172,0.13660057189883923,15.810070551854531,933367.22021732
Species173,0.1483289458706639,13.999565442609626,619519.2257368615
Species174,0.45888649581431823,16.004278007551996,886140.0030607816
Species175,0.11127225253441003,14.664133326102103,801463.3939995577
Species176,-0.25932871420843306,14.744892943880737,842511.1941814951
Species177,-2.9680995947924336,12.277317550306128,945413.4698105258
Species178,5.0676692807053785,10.101180647523885,3.193232054458189e6
Species179,-5.650368496439422,8.699675281346634,3.164254803178431e6
Species180,-0.562827478718063,15.21236782484174,837134.9570692175
Species181,0.6867081104226415,15.483316809246038,1.0589124423957425e6
Species182,-0.6009726497032576,14.676680813455572,599591.6823623737
Species183,5.3265529220608006,9.757498273746757,3.7512534150866037e6
Species184,0.11165091684152133,16.61448263453244,865940.4046040123
Species185,-6.664316425158191,7.638181282048493,6.810660738280647e6
Species186,-0.013996547558942338,16.003656708745595,899575.8649516635
Species187,0.5531026254093591,14.464067500068689,888737.2513919267
Species188,-0.524220787044346,15.559327886328417,883467.3551084459
Species189,0.13130005500793757,16.74158084640313,1.0140643842521572e6
Species190,-0.169503378729463,15.352415633780597,756399.1126020466
Species191,-0.2940168313898561,14.965731542350627,837561.0267244348
Species192,-0.0003887808878017162,15.34164835927583,955974.8284093903
Species193,-6.48874664632762,7.812169650537864,6.65923372574387e6
Species194,-0.003334899898460284,14.603622063157504,928649.965198082
Species195,0.3082849071647171,15.36793327249656,853954.1217789921
Species196,0.41266744057945326,16.381936538070953,911236.4012621017
Species197,-0.9345697057442616,15.27326502560117,983414.3049629189
Species198,-0.4946620253513505,15.064726456799894,975493.8165278225
Species199,0.5066496648855242,16.096922709871183,800835.4721375142
Species200,5.646674938643058,9.156428773193992,3.7885872555913073e6
Species201,-0.17310852326633253,16.016624130453966,850276.0676007995
Species202,1.1764915937446234,14.904313859809735,844317.8157687694
Species203,0.578422858943488,13.971273083891145,984565.9188637119
Species204,-0.10718347029164733,15.827761511329681,795465.6299683221
Species205,-0.029989536368396456,15.61373006632938,905332.7907845952
Species206,3.324798914568438,11.63501144638288,1.10522789954239e6
Species207,-0.4729024150412236,15.728563733327121,956136.3824736879
Species208,0.21476505442307495,15.829728320807066,876580.189747854
Species209,-0.212577291974783,16.131177976022727,866115.7993290426
Species210,3.859277859995953,6.985004539423636,2.8608624540174357e6
Species211,-4.809463384329531,9.090044758101566,1.4840908865475305e6
Species212,-0.34282040229111277,14.88114889971817,1.0575649218047839e6
Species213,0.6755450890192118,15.350925772886338,794272.7065997839
Species214,-0.35451859895549104,15.881573818935433,993020.0714981026
Species215,-0.06745314663232886,15.114424314833457,769303.574252433
Species216,0.20846600949983593,16.239818894699564,971088.6738652623
Species217,-0.31255908611958905,16.00930098360326,1.0842096095234365e6
Species218,0.2422532075365984,14.673890131909273,910852.2080445823
Species219,0.23853225529495928,15.47497665000645,914257.3484518008
Species220,-0.7928329946410155,15.162914662944884,846288.2126390736
Species221,0.021950543284255625,15.616100325105165,907078.7198589677
Species222,0.23090533842205901,14.79375629828805,814961.39083167
Species223,3.9542453730983516,3.9414494988604662,3.3208250442286883e6
Species224,-0.45560523467867764,16.003989555856332,948256.3834982177
Species225,0.17596241661063375,15.665643180139332,898568.5716365464
Species226,-0.7615526910063845,15.297954611866537,852790.8355176509
Species227,-4.36776344531765,3.364698055594962,2.7706345099595627e6
Species228,0.614909382457979,16.344990529986923,985669.7024491149
Species229,-0.2493013208598536,15.736449255163556,892864.9423924303
Species230,0.17322991081286473,15.777826301491013,988302.387593592
Species231,-0.2072948687123136,15.953295166640252,902536.2774939862
Species232,-0.14516561895788033,14.930605470281453,854133.2252158544
Species233,-0.1525161869158405,15.728616897637862,778613.0740941613
Species234,-0.027938841331304236,16.240886372233998,879898.7327084461
Species235,0.6848247670004884,14.980327890542279,781841.0917751405
Species236,0.20451258324202976,15.330601581474113,850095.7610865845
Species237,0.43106329331969884,16.082992633603673,845602.670784815
Species238,-0.2553709068416204,14.819091196187818,1.1087018692433017e6
Species239,-0.14091971433340114,13.935095670376551,798014.6131270768
Species240,-0.16154816668042818,16.11792001176023,1.1734712985301327e6
Species241,0.051584845792999094,15.579505661059821,967255.1879205792
Species242,-5.49725097702984,8.596743988627638,2.8164593274449385e6
Species243,0.03399510511149467,16.28118667402764,1.0440053079662885e6
Species244,-3.002767577410943,11.828104965506697,895391.4567300864
Species245,-0.8467364165230062,14.712087545172151,1.0071563185745345e6
Species246,0.5673314803527867,13.918408572724562,907638.0799124065
Species247,-6.882928973764676,9.856127319935693,4.441713553484332e7
Species248,0.13641977732618746,14.796413566385944,1.0107580867580712e6
Species249,-0.4315676575935039,15.148768098457762,973879.228860156
Species250,0.18307471533478709,15.14593679191462,1.089108554287795e6
Species251,-0.08749173909408772,16.767181909575836,802736.1221771216
Species252,1.4002729324279373,14.1786075522847,897909.2453254372
Species253,4.658455279219232,10.725822257976725,2.971652879037919e6
Species254,-0.36166313962255814,15.838973091775012,948582.288595468
Species255,-0.04791068890503576,16.287506359087615,1.0266102522983404e6
Species256,0.20111736846679762,15.01953332493995,722938.1549493441
Species257,-0.06395157714501318,15.078598530501777,907004.1372549266
Species258,-0.3274537864834731,15.74011824261273,844699.9406609435
Species259,-0.23994446740220313,14.818928054196377,799221.0009945752
Species260,-4.194198379126059,4.867476966495083,2.4162450929173185e6
Species261,4.273021480035874,10.609079968992273,1.4078303788277495e6
Species262,0.4286875201696741,15.964950495785011,961856.4904891643
Species263,1.0706771592224527,14.501305977701126,798322.8163297564
Species264,-0.25281884415790945,14.820975327110167,954630.5628522462
Species265,-0.49436644164576454,15.172102405223475,832506.7029412629
Species266,-1.010576059760492,15.617360924748631,987602.0160025867
Species267,-0.2949273881107039,16.498052424740987,1.1270274008829708e6
Species268,-4.9058796293315154,9.441181720370688,1.7511213122845292e6
Species269,-0.17695207835897592,15.765178841057384,1.0263176428373345e6
Species270,-0.964548968599786,14.873794249255536,783583.4934112879
Species271,-0.2815064695232481,16.69050067383823,899272.9681016115
Species272,-0.18221252836681623,14.936452142084574,978091.5632779653
Species273,0.035053800854987396,16.154903321275388,680829.042591037
Species274,0.19500115855941447,14.673955287811667,821879.8360027741
Species275,-0.9297007200845844,14.788935794707804,916575.2538870551
Species276,0.04733850532801357,15.869338382062173,925482.1804778706
Species277,-0.11266046628517615,15.703304396965141,1.1021815154906556e6
Species278,-0.2557046561162712,14.821913237163269,700563.3946404078
Species279,0.20305982065703304,15.254512501313965,957859.2833552139
Species280,-0.2820136765718679,15.865969218951795,929946.4493548885
Species281,-0.21258101705488663,16.08977874537685,971530.1514524708
Species282,-0.32406820246421214,15.329936234458561,964957.7151702165
Species283,-6.191408405583073,8.067930892346613,4.718438632051903e6
Species284,-5.038292826731637,9.495279721512247,2.639675922209091e6
Species285,-0.08086547538404977,16.072098704907198,953408.4667998976
Species286,-0.7354835728846668,15.529698649136009,852704.3685253626
Species287,-5.48877154617694,8.933723942614233,3.998308206614292e6
Species288,-0.16209607713810695,15.605406576335408,1.0432678758595467e6
Species289,-0.4046261229991001,16.00374831155381,1.0135412617420331e6
Species290,-0.12394025052715264,15.404453415001296,896620.8636735949
Species291,0.16691424088848514,16.077044689286144,895760.1637704821
Species292,3.5793963154744,5.663792798017473,1.5219683926481877e6
Species293,0.21465246515850797,14.07916293080701,821588.3482690844
Species294,-0.08485055556635492,15.41984532764787,1.0777359953483536e6
Species295,0.3180336058336748,15.686228997944916,858038.7122269907
Species296,4.0397944050031604,10.654981545214614,1.0395926687455606e6
Species297,0.06552911107191421,15.656724414733242,841306.6489890554
Species298,3.9090397638543735,6.001131050881306,1.7407031452199032e6
Species299,-0.09697175501766002,15.609566612549699,920256.5481174239
Species300,0.1832890996578249,16.60191949636179,866526.5177229416
Species301,-0.20190629390286646,15.597171781138234,727857.7738973313
Species302,-1.4612469358384805,20.12307852281338,2.042595599446739e7
Species303,-2.0404786813764257,13.70436654772703,920233.8766564667
Species304,-0.2010700699272275,14.662086946773538,892297.3190202521
Species305,-0.12343690078884094,16.2889376322914,1.0561905443194106e6
Species306,-0.3491240079344299,15.168491031604887,972747.3664566148
Species307,0.5945722434887258,14.701238854758634,946785.3253982511
Species308,-0.4200873773710977,14.775377722209825,920606.7990656609
Species309,0.29288377391136305,15.0484760722771,860877.483631092
Species310,-0.012126151425789293,15.70474311043303,830752.7599028368
Species311,-0.10219480883570876,15.956391177942942,824736.6558071793
Species312,-0.10465876759122322,14.414831712183108,901886.9909291203
Species313,0.0012847118312869059,14.666867478511756,965523.9637627781
Species314,0.08227174066033259,15.974110088553193,1.0221656561504544e6
Species315,-0.11389309055774124,15.80604224044433,856260.1638199042
Species316,-0.21800270632941257,14.399714471689816,834852.8631050719
Species317,-0.2442219435941601,14.860457765628698,899155.123575111
Species318,-0.650268888435566,14.887443838163192,905246.3947299898
Species319,-0.12938557584443217,16.448311824597663,851961.6199951835
Species320,-0.5041982922869601,15.554662634088855,912962.7467133945
Species321,-0.7182842653229462,14.983014825274584,919147.8903246521
Species322,-0.12607429674297305,15.932490396903505,855009.4441945062
Species323,0.3199274967149836,14.171672333552664,892206.1940139406
Species324,-0.4626275700370675,15.581787110387053,1.0671397010815572e6
Species325,-0.08751672519851711,16.733628788760193,947713.7535492207
Species326,-0.518105092254672,15.310823852635432,914090.8788065829
Species327,-3.8262980617840223,10.96121036545213,1.014027582021595e6
Species328,0.4766070436984752,14.482478072186316,859156.8296151479
Species329,-0.0007814958562292129,15.85567935009574,910507.3623721394
Species330,-0.3885417947731746,15.582300001083599,754376.6682023791
Species331,-0.13924318029566615,15.0204488165078,906235.4325021519
Species332,-0.010882390262018501,15.78027812107911,941845.1155434216
Species333,-0.3291083508572889,15.457002512157345,894459.1661224881
Species334,-0.5328333365767568,16.045713355000846,1.0040418562756792e6
Species335,-0.8076959430456991,15.438794329453803,970761.8723254715
Species336,0.2835896977232485,14.862746176805453,903891.6571549014
Species337,5.7988972019467955,9.55224136689698,8.170924944434537e6
Species338,-0.0800521228817401,15.493576952357193,986102.0833094572
Species339,0.39707399045271613,15.410541519684159,836355.4031256424
Species340,0.41576308700350173,14.8567909817691,928377.0757863387
Species341,-0.04934228151331982,15.667597121720904,753990.4352330174
Species342,0.17646586418359667,15.411394046529237,941136.8219180405
Species343,-0.12712625331575242,14.709695184738274,947953.8669224943
Species344,-4.92332985290878,9.460774221609542,2.753873975907024e6
Species345,-0.27067922701946395,15.525901748061958,908415.9023088295
Species346,-0.15346302940101858,15.85581579950034,723581.0988964991
Species347,-0.1274474714489043,15.634201929338513,773763.818091886
Species348,0.28860549461171964,15.272921321639775,831571.3046691818
Species349,0.33176051653725824,15.942576361119334,842798.8923148187
Species350,-0.2411905666176092,15.237890868177024,998695.2324049597
Species351,0.263678902826729,15.309674375602519,973366.9137686002
Species352,-0.0495708634063644,15.199506456955742,937361.1244551335
Species353,-0.2542151837083652,15.414556934232166,787056.0735658965
Species354,0.1579746679256525,14.629004049761573,948395.1014667699
Species355,2.697753430061126,11.708465719588878,964727.0678642791
Species356,0.24794166633314926,15.63881537849585,1.0423470168164711e6
Species357,0.541673696336819,15.711372019681408,771045.9242041053
Species358,0.7760140680694892,14.814363795357,762864.886818055
Species359,0.003943499274805487,15.766884102737032,967339.719060809
Species360,-2.099352762350209,13.270012070003851,895880.2727329023
Species361,0.13904499195628695,15.818486830095464,943174.6452281275
Species362,0.29336261692522153,14.561897025486608,1.0542826484824065e6
Species363,-0.1811534680691795,15.642433023167607,929642.4433296261
Species364,-0.013033054919697088,14.40538162006827,1.0468202747196076e6
Species365,-0.053169814698627624,15.059353241284928,999768.5955491057
Species366,-0.3404895933923453,14.776176107121685,896205.9038285973
Species367,-3.410275338515052,11.186626176712132,933616.221182681
Species368,-1.8694927464685887,13.179359358858024,1.1030234666875054e6
Species369,-0.37000154462702406,15.665563546974724,819282.8280799324
Species370,0.04150787974636923,15.687328619491392,886552.8317137297
Species371,-0.11947804573147276,15.161847714869253,745917.3895088616
Species372,-4.392943889191834,3.1002928084185633,2.657776597772509e6
Species373,-0.053172629473099656,15.844123442131432,958569.3097747068
Species374,-0.9837707974255486,14.732702833508984,857571.017826837
Species375,-0.6059200666362712,15.295941641973126,985970.3812522731
Species376,-0.42908998775601453,15.551935540625268,949210.7047809319
Species377,1.217589924104228,15.041677867874515,973894.3917827397
Species378,0.3214054929166565,16.362626875131827,838891.4461090445
Species379,-0.02601042558628376,15.85822158593631,972922.1496208847
Species380,-0.30660980051398945,15.692912047131825,1.0747850397928169e6
Species381,0.20525486764378903,15.595685043821769,860836.1610510419
Species382,5.276951804359898,9.790009831171563,2.535375380093158e6
Species383,-0.16103809742178984,16.043186725605178,1.0257681972845863e6
Species384,-0.30040376278628944,15.975325991154467,806087.0122484633
Species385,3.370463076262995,11.245408586783505,969472.3528759496
Species386,-0.17325865828287573,15.671799589652863,952970.2610389366
Species387,3.4733465799447885,11.383150173650753,918326.4634857075
Species388,0.4224492851081619,15.80510592917143,889005.15597105
Species389,4.456556506615048,10.364404027264694,1.3838309910287203e6
Species390,0.18444390318243972,15.793971746385727,1.0228798943530039e6
Species391,-0.18690334621451093,16.110952266441082,989828.1374169751
Species392,-2.7641560192517933,11.764999222546495,1.0138221912560984e6
Species393,-0.3782466227159546,14.789874329503885,841201.8880161333
Species394,-0.19009071175665412,15.32242825541633,932969.1853619003
Species395,0.03388892494415217,16.191327377090236,1.0162838570558956e6
Species396,-0.19906706868821966,14.605607528576476,905733.7932934555
Species397,0.37095144324309165,15.24322142669706,870174.8811417969
Species398,-6.659409078052559,7.545622008394236,6.865686910332452e6
Species399,0.2058327473752243,15.94606852684201,970411.90792894
Species400,5.090334937759834,9.832736103635714,3.2080426144213923e6
Species401,-0.14461816075333117,16.52884679628554,999424.3721506386
Species402,-0.10944122886196316,16.302424155627723,1.1189470732193522e6
Species403,-0.4343978622689408,16.026893861766844,981119.9217648789
Species404,7.213435050697825,9.704543498864107,5.460071812059676e7
Species405,-0.5832603257705434,15.321802527320612,827068.792776593
Species406,0.25210942279198284,14.790349676496765,971192.8843250144
Species407,-0.18449261846451026,16.150180397094203,825899.8457843746
Species408,-0.7377438404074296,15.239986302452744,905388.508235429
Species409,-0.5363367464793906,14.593509114241538,841946.1756860927
Species410,-0.6720536045480544,15.37292521732994,931650.9045160328
Species411,-0.7800406856807393,15.68477882400899,1.0569545966288242e6
Species412,-0.20967401789643442,16.613231241498653,733678.5465499645
Species413,-0.30002991640181226,16.519598050694416,841614.971312172
Species414,-0.4283373035149317,15.225725389182385,891824.6394314852
Species415,-6.5824103311471385,7.409089372300074,4.788817075700224e6
Species416,0.4289058395545955,14.28237028093248,957200.7979403173
Species417,3.872179829514489,4.318199727689366,3.0803734992242563e6
Species418,-4.240902508083205,4.0046426782943065,2.0240348943767957e6
Species419,0.031225652257393214,16.240134268017215,871331.5670642382
Species420,0.15676204715818104,14.58869467201609,887970.5805720562
Species421,0.3124737487190489,14.989616029108317,877051.9776651328
Species422,-0.225290463972071,15.649336726139884,930351.5269500179
Species423,-0.2872644735295059,15.71928772197116,1.0018337956529672e6
Species424,-0.20999656733952266,14.857163438159253,893249.5281024855
Species425,-0.36054296522965823,14.66352146676044,761387.3930703357
Species426,-1.1347880900263787,14.362001689402762,1.069609656198121e6
Species427,-0.13328756539866946,15.027694526900374,754228.92473552
Species428,5.572254083937065,9.394840697169005,3.9709937602484208e6
Species429,-0.4824786792993743,15.443324682843471,756774.2409475141
Species430,-0.2716208445023249,15.202756401728227,794365.4254888571
Species431,0.09029676942766536,16.07076698255404,1.0139595087602491e6
Species432,4.130066680665136,7.184153787720525,2.6734135390481604e6
Species433,0.7159315635329324,14.267481564760333,1.0846055956991094e6
Species434,0.16560069803069782,15.098328690809225,795928.4836889277
Species435,0.30011204047155493,16.108080320461116,805717.6776202812
Species436,0.2097267238093446,15.039224589485965,939131.2008945853
Species437,8.292842069640095,5.547540428000979,1.3118875948388835e7
Species438,0.7622632666481046,14.529626364351001,949725.6868731941
Species439,-0.12258428075097928,15.247988071673317,965913.3571161446
Species440,-0.3930204044864815,16.151003792618578,1.0078995083022164e6
Species441,-0.8240339161969729,15.613491927362102,899715.4865499623
Species442,-0.34675509866908527,15.25537097826151,1.0396536865026846e6
Species443,0.1376405881518241,15.145987780514204,755197.1373997866
Species444,2.09955547553162,12.470269547527401,1.0426866228907023e6
Species445,2.3492554455398356,11.877209904157267,934778.7309866692
Species446,-2.72172879873853,12.01751348903116,850884.4568849752
Species447,-0.941112410256113,13.944871833612613,840977.5575320995
Species448,0.4620595225960614,15.04535931031972,678586.7992511129
Species449,0.6057145386370142,15.275136916569872,992495.0819657934
Species450,-0.02016115243299265,15.809553997065779,814720.9981117847
Species451,-0.6328987042849815,14.319126955119577,877177.5209057056
Species452,0.28073266700944915,15.94479158956307,1.0135182001595895e6
Species453,0.28449978784856905,15.56183239745472,945359.6801309722
Species454,1.0537452170035884,14.093197644125617,804745.1717502287
Species455,-0.07188950336637855,15.7087408407478,988848.654926011
Species456,0.09003114021995764,15.367716439613723,1.0428337009277958e6
Species457,-0.14777972876612225,15.9573646781982,810646.2132585603
Species458,-0.08824327737291857,16.64580088052369,852453.2920458091
Species459,-0.011414869484886436,16.27165144638155,800945.1029992772
Species460,9.258707016955313,4.760665512498058,4.057665131600891e7
Species461,-0.6997924683482296,15.89328739134055,837302.3607872535
Species462,-0.08801501577808007,14.952249838592245,778355.9323570997
Species463,0.1719116778783966,14.93023340568086,884352.8024387464
Species464,0.12393357673745542,15.460799773008455,888527.5699493249
Species465,-0.04402979144183179,14.731452291220595,912747.3716116813
Species466,-0.5797964013948924,15.997903603383904,957295.922726019
Species467,-0.2824463627568113,15.788335675523188,1.1007598982699404e6
Species468,-0.20427752053353598,14.753004303055336,904184.5573934842
Species469,-0.9995002767266581,15.16669658599257,810682.7573601863
Species470,-0.040147584953730726,15.51014736221761,882689.2958619694
Species471,0.3601608777789383,15.598971497578807,821134.2156797339
Species472,-0.41930143528950664,16.373559979429594,933982.703581883
Species473,0.10724003027609598,15.601000151721312,920617.4549042805
Species474,-3.58352704557329,11.203287182657489,1.1761476917347084e6
Species475,-1.0331542172116996,13.890071511017327,915583.4180952952
Species476,-0.11832918777642754,15.194740867123114,888120.8467073506
Species477,-0.06455828575950934,15.86807712013239,896817.7661995471
Species478,-0.3250962264818,15.474360388364238,891561.6267689052
Species479,0.599799962883315,14.652526667970227,1.0832045194963124e6
Species480,5.424717206439566,9.486378416666193,3.9251310761160105e6
Species481,-0.5296973283142887,14.079785117337343,781544.410846768
Species482,0.14760810176070577,14.788530667324787,815218.6775635418
Species483,0.20796783905540786,15.913949129480516,738985.20502055
Species484,-0.1981646815860843,15.431113181829687,898274.5959899689
Species485,-1.358073049717093,14.231143721598155,848658.9487357212
Species486,-4.5455695143890535,8.94229833118252,2.950622801439374e6
Species487,0.24550059688283568,15.104072990481415,980374.2943839622
Species488,0.6230366390300724,14.237168517055206,759305.8156764178
Species489,-0.1860249284189076,16.23494582156468,960861.2038619554
Species490,-0.02294598841243127,16.28599830439611,855435.9177027832
Species491,-4.738074355443315,8.848721195842458,1.5746991255647575e6
Species492,-0.8742584764453617,15.061235125963911,900237.5068416062
Species493,-4.555740733395361,9.8793340320885,1.5072935400748304e6
Species494,-0.48926476162059485,15.176750714556858,962728.2341865267
Species495,-0.3706728906783093,14.974400201575106,954977.4659034986
Species496,0.10849546216296677,16.120596571823203,1.0831053037854068e6
Species497,-1.5628565971929038,13.401352298678422,883007.3405615103
Species498,-0.004380476117554162,15.127839018668922,878486.4712653746
Species499,0.27034930950423186,15.682939020484554,967497.3560539241
Species500,-0.35779672566356757,15.79618502116118,872048.2374807078
Species501,-1.2999332477883234,13.269133931843974,887320.3783141613
Species502,0.38481314918412585,13.705059518410605,853321.3197451032
Species503,0.22426464930036352,15.45648898239465,910878.3925043033
Species504,-0.3675662391015619,15.732847893566356,830894.4880583123
Species505,0.10713467644077386,15.20741571344921,878985.0591114298
Species506,-0.08466272092152627,14.491789136838568,877283.584700191
Species507,-0.5156185276720207,14.590510375927936,936427.414393925
Species508,4.401773851619197,10.55837387118226,1.2501182180334136e6
Species509,3.9049884980053964,10.972187962349723,974760.2405183169
Species510,0.7513166595117429,14.685285027932917,793593.8342281216
Species511,-0.0013018530479986343,14.360456500056385,887869.40310586
Species512,-5.5053729463502465,10.84791882534191,1.86135312663118e7
Species513,-0.3466462085088247,15.049959904893637,914660.7154529757
Species514,-4.1277236513229285,5.874900620691743,1.5805250892674553e6
Species515,-0.471867473801985,14.300243489613276,769312.0286643576
Species516,-0.11828011435348884,14.955432897132923,950868.0592602477
Species517,0.07013086181034832,14.473317475314664,843270.3833889683
Species518,-0.19917884610483,15.851259840235919,805517.7371009449
Species519,-0.7185687474171207,15.05184823596358,814545.9075210866
Species520,0.0058382622666276855,15.863847991411927,814892.0755442946
Species521,-0.7131218003112451,15.861697636569078,922468.9729039979
Species522,-0.40127326271867936,16.603145304374646,1.0149982601451102e6
Species523,0.1368206143050227,16.269993323306984,1.0375799289541976e6
Species524,-0.04127202996508705,16.285195920560493,1.0308403488756723e6
Species525,-0.1680652424169102,15.256636708581814,854127.9397610817
Species526,-0.15108849712737765,15.353594435764329,906757.6109832637
Species527,-0.43987056900641947,14.896296000866618,763666.795638314
Species528,0.28639505715751323,15.477402799321602,779370.0873929774
Species529,-0.024600301958175218,16.00815351552681,1.0270294585809248e6
Species530,-0.13076899076468168,16.363208830478815,834192.7589734847
Species531,-0.387969386430485,15.682374136575193,729901.2366601484
Species532,3.7613161293052495,6.0493945727610745,3.1322943521666904e6
Species533,0.0294696658787449,14.705442213671065,993405.5864380916
Species534,-0.09553885532864323,15.970892662215705,998712.732507518
Species535,-0.0903388030867991,15.357337892333641,977248.4725079434
Species536,-0.27766259662128434,15.021676033572733,910995.7449088476
Species537,0.19504095779152858,15.864881823205078,760023.7438654052
Species538,-0.05053748869384558,15.001934131948312,836490.3472183398
Species539,0.2834070131967084,15.72440423964813,898828.3330619467
Species540,-8.87213912099256,4.63677724877263,1.627782777772392e7
Species541,0.3040069740176105,15.575683480207825,877963.884965441
Species542,-0.35266672022661266,14.684923124779843,747068.9138556842
Species543,-0.22693135765880412,15.27641504786407,885808.6245869809
Species544,-4.299862523936026,4.875521255553244,1.8841044300955157e6
Species545,5.389515018670859,9.64012014677234,2.917376953216637e6
Species546,3.9220906088634107,3.299571556672428,1.70063258018914e6
Species547,-0.6917831978169002,16.106320933397086,864276.3843325567
Species548,0.4858564060322749,14.709189903496556,802813.374371888
Species549,0.6735953764908769,15.875759756175746,803695.0397263003
Species550,-4.321712401629171,3.56101696028208,2.9368370927630053e6
Species551,0.11072575918972742,15.95642159818186,1.1282839282209242e6
Species552,-4.3987921910659376,3.933969110791186,2.735636014343745e6
Species553,0.33483867921737015,15.1830915825042,994723.7282658165
Species554,0.13521121598659255,14.944412384290738,891522.0235144855
Species555,-0.05700210454045208,16.269365532316556,946020.6498973257
Species556,0.11274356348421626,14.880555933556797,978996.8271711456
Species557,-0.29936860384280317,15.591626500554456,976442.9290413235
Species558,0.004153668053923063,16.330960698329353,874076.6710244674
Species559,0.10239427095770881,14.849559098687475,766195.8274560854
Species560,-0.00844330525408763,15.824407197974313,801384.9469190267
Species561,0.14703372467651382,16.039798440136718,899390.7018841576
Species562,-0.11683842456215966,14.904973320064464,766445.6596553484
Species563,6.145555805371347,8.524067735179662,4.583446408929524e6
Species564,-0.0010708039859593683,15.525858788716603,852587.247218928
Species565,-1.1738434361447645,14.262896291080889,868913.353338311
Species566,-0.13189848599436724,15.173800068899105,1.1267891552965047e6
Species567,-2.1828204720202926,13.558793632726696,999863.5185636347
Species568,-0.36894554837330246,15.999491792922086,836868.2276328858
Species569,-0.35503487222726193,16.375872490410018,891818.8404035317
Species570,0.2023329288145913,16.255959282210124,990733.7378316714
Species571,0.4281677216893897,16.210700484378382,1.056085948981677e6
Species572,-0.012369648993966162,15.306259059249061,806956.1940047524
Species573,0.3638360749848558,14.757465067669802,860948.6965102816
Species574,-3.496475249502216,11.410448166072563,1.1381705136484972e6
Species575,6.2901235035012935,11.377805459170263,4.528582262597633e7
Species576,0.34874472134547757,16.08998136369434,1.0221834125349368e6
Species577,-0.032517324798852304,15.233815581020243,985109.4378527611
Species578,0.14128263929824042,15.269376273001516,781130.2836174462
Species579,3.8030454043294983,3.7675478102092734,1.8603888872823697e6
Species580,-3.754664769790483,10.701619317694883,1.1805605920558851e6
Species581,-0.6491796562515916,15.841432743829412,850412.0626877594
Species582,-0.3747568599946732,15.463347449887294,789046.4344403859
Species583,-0.4731981348424378,15.617375886425243,870701.8312657512
Species584,0.18570601340295897,14.055040979447629,964001.3975719596
Species585,-0.846855609438484,14.516805741520088,841815.6553052213
Species586,-0.19732321025860586,14.584912492508456,830844.3655864168
Species587,-0.17104134898234785,15.003900229636603,1.085691525237761e6
Species588,0.0780171592098177,15.382176097386486,852760.5348918996
Species589,-0.25524139857216194,15.226691855643027,778236.9314708597
Species590,3.9619786950283986,6.055129274727708,999012.2357575814
Species591,-0.4188603076747041,15.648425678775887,1.0196121293721192e6
Species592,-0.18323301888601132,15.757114819645754,879740.8302147925
Species593,-0.14548026944274858,15.623456194946485,898774.6672388347
Species594,0.7089571935012473,14.149899453472072,810070.9766576599
Species595,-0.6069847585875252,15.320347265143448,1.0351005719762446e6
Species596,-0.10014962498635221,16.405988664853332,840824.4689153695
Species597,-0.14531391230987653,15.662177676477379,848314.688700984
Species598,0.08392045504996266,15.753252105895303,917484.82058764
Species599,-0.11811746632955218,14.679797782730395,803250.4377776948
Species600,0.534424799183995,16.069085313087413,747233.2950064979
Species601,-0.13816247044598584,16.407333716599684,998866.6301205293
Species602,-4.261196570642426,5.532440305004588,1.8916636306937034e6
Species603,0.992666500558533,14.710482459826142,830335.0941853644
Species604,0.32974127018511373,15.894087806484615,1.0494379642093177e6
Species605,0.029322769311373904,15.496412772042563,836569.7510245004
Species606,-0.1763359124896399,15.330893561273893,687885.8129021801
Species607,-0.2936436804132842,14.582473023946271,778241.0233394132
Species608,8.829582998587465,4.702546589573974,1.5738459202535069e7
Species609,0.13367098985797707,16.02857341203776,1.0265668271972392e6
Species610,0.09212603263744343,15.907489409851078,920066.6252899077
Species611,2.8610328331146144,12.283088921295517,1.200021061395526e6
Species612,0.7054729360492882,15.553077685500583,906813.3402973725
Species613,-0.060396812176192374,15.679893990866901,1.0817781786908074e6
Species614,-0.27576213472527267,14.914590743828091,922684.2697687525
Species615,-0.8174547134574593,15.319353412533802,929143.4100678861
Species616,0.07500632410206615,15.00678582739597,940792.3957255114
Species617,-0.02963748025181134,15.624056732059861,885919.8867836908
Species618,-0.2361677593625088,15.586709423921553,1.0233730177130147e6
Species619,-2.9434550599125147,11.991515399838642,825545.4831024247
Species620,0.5311389036637869,15.92233497528026,877059.095261936
Species621,-0.008200441817466144,15.828015963447616,810351.1551613379
Species622,-0.7512852722416209,15.327400508821556,939334.5957485882
Species623,-0.16166530356469092,15.907670160729097,954059.920460481
Species624,0.12946299912056214,15.157481771507467,744324.2008039068
Species625,5.258884179098764,9.715251804986991,2.8483476378233014e6
Species626,0.3300170946222494,15.480044715079877,931831.6142654511
Species627,3.8615521463841667,4.797787160350034,2.7191414994420945e6
Species628,-0.038804667901243844,15.487721348096244,772901.9486977966
Species629,-0.07517654946197799,15.846676054592942,957839.2829413672
Species630,-0.19918720008102658,15.993271354959758,948854.5399103044
Species631,-0.2074586458796262,14.610722788010502,779692.816312613
Species632,0.8885787266726534,14.915793927533043,914789.5489423842
Species633,-0.5361413308060194,15.55163811106893,1.0314675717683848e6
Species634,0.42797282439783924,15.369727902333832,1.105416399625309e6
Species635,0.575807660079061,15.830061917482732,908370.9439158719
Species636,-0.5810352928456719,16.098149725281647,907221.7652185804
Species637,-0.8277569220956217,14.167163608808481,905251.5543002592
Species638,-0.11307010476181202,15.477449014363296,906655.142654898
Species639,-0.474422641167443,15.3417897177322,940149.1157552822
Species640,-0.23589357442725686,14.619719452624258,754680.4125509544
Species641,-0.21160669869870521,15.064390486229689,822353.8141087246
Species642,0.10086314373111369,16.07770155902751,839924.5445325339
Species643,-0.11507493349413299,15.179010365298112,747560.2417750575
Species644,0.43319857363568987,14.544440516067835,852936.9675039432
Species645,-1.5494588071886006,13.477078119014166,1.0580920585617076e6
Species646,0.3402258596999698,15.407870005410512,903635.7710697553
Species647,-0.20178003135616635,15.855223961024997,946060.6407876816
Species648,0.27096819819904266,16.196333060535558,806595.0692426213
Species649,-0.1429922170406623,15.46515867852184,942487.6311893179
Species650,0.06686536404762153,15.782917911425598,912428.6789020635
Species651,0.04517950303522964,15.753671641231872,842695.5795906404
Species652,-0.0855160729984212,16.486476336326636,949911.3919779223
Species653,-0.23512115624084653,14.634965204218407,973071.5957582572
Species654,-0.09250828877363823,16.432069282368566,1.0505989242752553e6
Species655,-2.3443966701219643,12.168105963345532,916981.7636105483
Species656,-7.731449939126475,6.213151360335767,1.0790437083685383e7
Species657,-0.238330295497311,15.363267638285016,923498.2711911917
Species658,-0.3359918947703071,15.631296820301527,977988.6927793868
Species659,0.13151766387321567,14.934448622250304,863694.1264564224
Species660,-0.6174928143623712,15.06436987554794,923886.9760118955
Species661,0.18991822544442877,15.78214122794066,972377.4259081627
Species662,0.15974654977840982,15.690050013342198,1.01926058567965e6
Species663,-0.3451736392593179,15.496629140946638,968172.9390269213
Species664,-0.10110366386608133,16.212281652588963,923560.7033172505
Species665,-0.10028837222160197,14.955857730384958,894642.0211870262
Species666,0.3266700655943465,15.832742904965446,981361.2084169505
Species667,0.15613804568150108,16.28947844746629,890003.8111658563
Species668,0.18654058292613526,14.854834068122209,783599.5925171218
Species669,0.12400218864281322,15.491957456225489,861793.0520155972
Species670,0.02201685672600929,15.622606351057158,1.0619279597760397e6
Species671,-0.30028050244149,15.835881312146679,909278.8544101991
Species672,0.1223351670923684,15.167086712695248,864307.8799458073
Species673,0.44736523803590056,14.61661087239621,758373.250745104
Species674,0.21190036908246768,15.245807182192836,808669.0138945921
Species675,-0.055660371152095676,15.408480313543075,976332.9402859021
Species676,0.5502908445634985,15.124909403321933,787128.5394436257
Species677,0.28394534974032,15.706031740154387,849329.9716955657
Species678,-0.056129186656468065,15.566339471854963,1.0723144555801267e6
Species679,-0.5889161923819941,16.1333323746271,868748.9315880111
Species680,0.034493009136812434,15.767700069002029,1.0213467367921362e6
Species681,0.10448499098929025,15.753862384363574,1.0411026165345238e6
Species682,-0.2797962572493444,15.914714497253312,1.0439398666546085e6
Species683,0.7193173423590172,15.638368701908401,981454.8980931011
Species684,-0.2811085073346503,16.048662637999115,1.0391891290871374e6
Species685,-4.234401134794131,9.836068747876856,1.3944599385541442e6
Species686,-0.014381154749999295,16.367651161854024,906928.9795936455
Species687,-0.5291786550166432,14.64363327879677,880187.9446067004
Species688,-5.086795219129345,9.469884021877169,2.4882269967172886e6
Species689,-1.5958773334965084,13.490157558462446,923172.3698545807
Species690,-0.5200507364299407,15.317046758872777,1.0068898597706223e6
Species691,5.131037967300877,10.0043357444508,3.8812540328101874e6
Species692,0.3198495379076333,15.91233961656233,877715.7383861702
Species693,4.064168604183593,3.291317096973337,2.2627798675273457e6
Species694,-0.15313594036293998,15.6344142946482,741838.209833794
Species695,-0.31238445634666145,15.967408584802593,889618.0710088705
Species696,-1.9117449541775753,13.449528384989703,854958.6003333651
Species697,-0.0954102501043601,15.839483851271202,1.05322733046584e6
Species698,1.9554277731056942,13.716478845165367,1.1638270703778055e6
Species699,0.2576957057769559,15.44055313712324,774447.1216538922
Species700,4.20192213877722,2.517132240553248,2.4061850755428476e6
Species701,0.9661370853368201,14.169952314325085,1.1566948148386956e6
Species702,-5.643513630030981,8.663831431049765,3.0537178244048306e6
Species703,-0.041804849787581734,15.299286318469187,893554.4324898451
Species704,-0.2464211386334392,16.288195448184467,898701.291992939
Species705,-0.09491374312013692,16.19668322744745,723579.7509058393
Species706,-0.0057438424065324465,15.466656945010367,801333.5533421033
Species707,-2.739512974939088,12.365370980569084,1.1905721617392106e6
Species708,-0.17344960032692336,14.810686959363156,911597.7556628878
Species709,-0.763097364236603,15.363299553190007,816742.6777054312
Species710,0.036904586171741326,16.471163344132744,981394.9684411607
Species711,-3.6164716488273974,10.885964748239077,1.1142585906612163e6
Species712,-0.5366162489082834,15.414682883386131,996867.8232001435
Species713,-0.871217701022792,14.516352562982807,828490.3700945016
Species714,-0.8165502910277245,14.872901168887374,858707.3493028637
Species715,1.6331979929195493,13.15371641548568,833486.6829222927
Species716,-0.39666895641022165,15.190299491154164,978611.1067745262
Species717,0.5861161314430398,14.981468341650869,916886.388749234
Species718,-6.5238880818405915,7.602840765346626,5.607869284830338e6
Species719,0.9803336685567253,15.486096789151167,753410.5527927945
Species720,0.6236665312556565,15.441947836672584,776850.6416331616
Species721,-0.7209260361557849,14.052528412349245,985854.2361267861
Species722,-0.13167866964905714,15.353414130819063,938029.0149751923
Species723,-4.270103636770551,6.263902872012417,2.3115563018099014e6
Species724,0.02086812617034516,16.50317436365237,950358.7721557515
Species725,-0.27685287911885764,15.683673265914658,889661.8152426421
Species726,-4.384850810355357,2.866806650705677,2.242343864583228e6
Species727,-0.015200371898441048,15.532223052259935,850806.0206030124
Species728,0.32138093755821484,14.894674926475696,984001.3926631142
Species729,-0.9681075771200192,13.914247133171754,716392.9505192612
Species730,0.16351927569727237,15.797208260833285,1.0179959105910349e6
Species731,-0.8337135223757083,14.628046100647321,850502.7411804806
Species732,-4.269799865594676,10.37822203325145,1.1413803129763657e6
Species733,-0.3301000840379219,13.976104750828277,908429.1168133694
Species734,5.036132171694549,10.224030678945219,3.308179309172965e6
Species735,4.829112764270221,10.356677758590738,2.8591648168342877e6
Species736,-1.101321113458339,14.675252168084732,978513.573920065
Species737,0.65479325563263,14.023172288421115,796295.1993783558
Species738,0.033149017715728944,15.860513584681847,1.0133027882660141e6
Species739,-0.15201077369917665,16.45162357724458,824242.1947707804
Species740,0.1356667340363178,15.48084551735668,898315.6966298174
Species741,0.22903532399898943,15.926158076066931,786671.0158753137
Species742,-4.49026678561633,9.685886716884928,1.5284618711470526e6
Species743,-1.0160452671246818,14.862434105300693,856391.840591059
Species744,-0.15938541421212957,14.119797404000368,875795.6855411534
Species745,0.44454445705971585,15.232493293101523,950461.6621719418
Species746,-0.65740388413071,14.94768031012565,953283.2029373128
Species747,4.396434730103234,10.720263037026399,1.3944208643269576e6
Species748,-5.772128092640578,8.417799904238766,3.3897223093973794e6
Species749,-0.972607582480097,14.208656729744867,863757.6541838755
Species750,-0.2869747001227834,15.48327493539362,872770.6484562221
Species751,-4.30090185380628,15.182463597026098,3.606146647406432e7
Species752,-0.5198040711506265,15.40711495891014,1.0485750862608412e6
Species753,-0.16758875059481707,16.218406363002856,1.079732844237761e6
Species754,-0.28399010139770203,14.993057399284218,934647.5612460581
Species755,-0.2898920393644153,15.231227792787715,871757.314580949
Species756,0.3024083476740418,15.66724285835728,898728.8690476211
Species757,0.04594542057587935,15.611986105065647,971117.4753345187
Species758,-7.121181452342639,6.944411234920366,7.886120740643029e6
Species759,-4.523942072436679,2.8056019549826514,3.014142941976361e6
Species760,-0.6573566281338035,16.055040976956747,733544.7979070267
Species761,-0.009882007976166948,14.957035470820431,808857.1690047825
Species762,7.052927937674386,7.455456746387452,8.946067553750135e6
Species763,-6.206749931117286,8.020599572723492,4.99778841456361e6
Species764,-0.6619855503325536,15.674200269247544,887276.0333168149
Species765,-0.46056946037768903,15.104292745887978,868701.4429830186
Species766,-0.4250976258576357,14.713416154294542,913585.1460451224
Species767,-0.23365109054271765,15.710562697219924,1.079614862829025e6
Species768,-0.23426302643998445,15.220724994976482,970066.1042722313
Species769,-0.2915371012077188,15.44238881579374,831162.6893456884
Species770,-0.15863017597286352,15.895075909450366,992879.2041139062
Species771,-0.4083067132935094,16.32634202631033,861394.9452258168
Species772,0.42157135411408003,15.669290157038866,809453.217471338
Species773,0.3378060081101495,15.380132485076016,833710.827786688
Species774,0.18149672377204357,15.19838687436286,883116.0067466489
Species775,0.3480169667409337,14.984907773534951,826830.0290625978
Species776,-0.80064286729738,14.541163046811992,962851.3300510686
Species777,-0.4575532196326119,14.685440992891143,799955.1731809656
Species778,0.23165529633111967,16.249857056196518,1.0122454656606677e6
Species779,0.20817799804523837,16.200411293443754,1.0187751364368041e6
Species780,-0.4593090867703189,15.61800418458495,824753.1155055866
Species781,-0.2594434290497227,15.337679399497555,851702.6682157846
Species782,0.09995377570257467,15.354932625527848,1.0090273445678869e6
Species783,0.025195886492213646,15.419836529445211,889917.150290266
Species784,-0.08382565840816752,15.698105158384678,941172.3205405151
Species785,-0.1401196511985158,15.49032580541319,1.1062877697934834e6
Species786,-0.41015760195779843,15.264500685863842,986846.135163882
Species787,0.023986583799878825,15.938371099166062,879192.9998089862
Species788,-9.358486264805723,3.813474489927932,1.7189665875898253e7
Species789,0.26122351349776357,15.925302582602654,915935.3073405209
Species790,3.733289948013475,11.180768782797196,1.2464913185639533e6
Species791,-0.19405107621624898,15.450132957218118,1.074681350426225e6
Species792,3.9819779024313915,3.305503593828556,2.894254493603128e6
Species793,-0.4965532735502828,15.506939681411334,934029.7430162937
Species794,0.10218716069611221,14.961491113753933,779020.1957966626
Species795,-1.1255744931751377,14.976969163850402,1.0105018595815297e6
Species796,-0.03343494378794917,14.349779233142351,894398.2674391142
Species797,-0.7193596162670617,15.49891411253616,972342.063066674
Species798,-0.144780696705702,15.394661354094048,806674.1054334664
Species799,-0.9991875222385298,15.378442097646037,1.0159816814500764e6
Species800,-0.29515525043190266,14.711011282377957,800247.5787859012
Species801,0.4019352668368264,14.885366421554275,909869.0398723567
Species802,-0.09604164524371193,15.436125949282,974762.7569743254
Species803,-1.2644217681569598,14.320218631919625,917519.4137580052
Species804,-0.03539404468108946,16.365034483679437,716186.27165674
Species805,-0.5015275518499528,15.611187070596836,881300.6030487623
Species806,1.0225750301977792,14.486387773932583,1.0174435532476071e6
Species807,-3.3148937946149424,11.695464614996794,1.202272926168707e6
Species808,-0.08795507408549523,15.940225298813365,883300.7188591313
Species809,3.911259664627018,4.5192232026792585,2.9064931621194677e6
Species810,0.619344425554631,14.58492013308644,912802.6529837964
Species811,4.72923513040324,13.938078126978734,3.1421879116687816e7
Species812,0.12211524903707394,15.23585021508061,739798.9832569484
Species813,-0.012645846843088261,16.051737431087595,885962.9327827591
Species814,0.003653235307764939,16.53044103383868,1.109184548477184e6
Species815,-0.2718425372951678,15.11893990704991,845207.5007026627
Species816,-0.19257162311934278,16.001107840866965,869419.8962168175
Species817,-0.18408644603992552,14.236135077221459,871860.9087807313
Species818,0.06661395621624103,14.332981836387777,778080.2931336975
Species819,-0.03876247697727615,16.605442632239573,899467.0990843929
Species820,5.807344538151489,9.121024805085334,4.744706536113281e6
Species821,0.1916009638261819,14.431026772617866,953238.0896568255
Species822,-0.01185712870947346,14.870413667763888,962916.0163416443
Species823,-0.20796565116756005,15.263958451506111,836781.1690571648
Species824,-2.644605008646171,12.174898119991514,940601.3306190934
Species825,-0.04840101322582116,14.683264693202364,646170.1730305176
Species826,-0.32806777948893223,14.798666892271545,781147.399313077
Species827,-0.22552649073209657,14.556210764196745,850415.541334023
Species828,0.9849908090254913,14.683532538837653,784912.7719454343
Species829,0.2627888540444761,14.820283095353354,795275.1702506631
Species830,-0.2604459472780836,15.336327059071444,993078.3124272856
Species831,-0.9132308785397882,14.619624307237356,857524.5886100831
Species832,-0.17885908514355991,16.080542968565144,1.042553079754838e6
Species833,-0.2854744950988193,15.838725014983174,837681.0506379243
Species834,-0.670700577643082,15.479837869990506,841760.8852918012
Species835,-0.025805360366151615,15.559736296365516,940851.2901897549
Species836,0.208156772761057,15.3627904365497,1.0047256149397797e6
Species837,1.4400912141815283,14.673154269385156,728326.3494457937
Species838,-5.756855918830144,11.243616069745258,2.8719912483608454e7
Species839,-0.8470032947148591,15.312147091221567,939154.8362757488
Species840,-0.2230462945821606,14.528820639252016,905115.6698642309
Species841,0.11896469173475759,15.624616889085772,816905.7518664342
Species842,9.690434851625552,4.437746858004618,6.089311725851357e7
Species843,-1.9557603484014767,13.916825865235344,985165.7978093022
Species844,0.13779479015193652,15.969354921334709,963379.0492938751
Species845,0.23464570668168536,16.17089574555323,1.0868039111004528e6
Species846,0.25693081302326054,15.216066836860417,948151.0734569741
Species847,4.8850666032744074,10.305668028372153,2.884430567261923e6
Species848,-0.24720915061688226,15.569098207881721,1.0291947082602988e6
Species849,0.21357652882260933,16.204372729378292,990946.7803564079
Species850,0.07195195788865026,14.045617297711585,713895.285471099
Species851,-0.36914661031337653,15.57698381016904,780918.6147776884
Species852,-5.519699944572979,8.704951025708583,2.936617817152528e6
Species853,0.17239485943455865,15.05543468440785,793848.5667920545
Species854,7.983638859945032,6.460429167784901,2.0389409522176497e7
Species855,-0.2778552953540461,14.745341572616061,819787.5628231895
Species856,0.10743397579705362,15.228985923476698,1.0175538469359906e6
Species857,-0.14953426292961597,16.272202932433146,849992.0633995691
Species858,0.40303590517201576,16.4426067552647,831494.8789972941
Species859,-0.6060503272588542,16.15808853342695,963215.6406006705
Species860,0.04762869916646678,16.037583606231873,973447.2002740087
Species861,-0.035391960273395286,15.964668022721469,1.0419127364159306e6
Species862,0.745287594039272,15.018948300911939,908502.2619302168
Species863,-0.40948937663694884,14.194966017309891,806726.5940242549
Species864,-0.022634870740781018,15.85465702908001,969928.0888966599
Species865,5.778982777261068,8.93952348392694,3.6022364356518565e6
Species866,0.12115318015678278,15.617740248799972,845870.882239505
Species867,-0.20392733089719287,15.776295571891369,1.0164323817424151e6
Species868,-4.129500154458546,10.468932985969788,1.4030581828081224e6
Species869,-0.38798590052769333,15.536053800464678,764630.4858766968
Species870,0.12918032141187102,14.68343339362092,885574.2372821373
Species871,6.115162169848957,9.038573897992,8.353878518609967e6
Species872,-0.7234495940094197,14.905652441282703,729764.7859134035
Species873,0.2354567921820806,15.079167009463525,927782.4145724159
Species874,-0.22821075631371882,16.47788316097654,847202.6789075262
Species875,-0.2829222683393008,15.427703041928662,926008.9236555493
Species876,-0.3446883632754253,15.33534206885113,794356.0503680684
Species877,0.5304936998747374,15.37364621215854,965325.3254771582
Species878,-0.04069703133776897,15.630937426840427,822074.419358397
Species879,0.275252062398876,15.00571523685078,760947.7936191797
Species880,-0.2254292348823722,15.325705474546055,870258.3177163207
Species881,-3.8025881796612406,10.941833549368205,1.3861096997201897e6
Species882,3.6027494817351107,4.746512518307718,2.273553376654652e6
Species883,0.031883117962804616,15.883907115411901,854962.8615870536
Species884,-0.1586294107626816,16.219035902817,948376.030922412
Species885,0.1807945722017867,14.325277543962637,1.0645111913354306e6
Species886,0.08389043546503494,16.250268529352585,982743.2924479608
Species887,0.04524849082759584,15.989526753244004,995646.525819691
Species888,0.03445071195722621,15.838702359380848,868804.624653699
Species889,0.36491275863895123,15.264491767651263,979600.2715538847
Species890,-0.16623692979435603,15.998964753328195,813932.0121063585
Species891,0.14072533438778637,15.546372622617016,882785.4310180442
Species892,0.343046630748236,15.855156925435583,750077.3603665419
Species893,0.18780904503100215,16.427111869108632,851491.3772013357
Species894,-0.21416992859938316,15.360273702108831,861264.359546171
Species895,-0.5217660738273661,15.790850882168304,945174.9011679925
Species896,0.2592848265080945,16.127580193569504,1.008965718132993e6
Species897,-0.2283398846692196,15.260890017199229,981406.4092581884
Species898,0.7497646175820537,14.638715607450994,946436.6686593364
Species899,3.9215797768091822,3.9204277090646324,2.094411636599182e6
Species900,3.927601948510156,3.91013130132947,3.0060406382864336e6
Species901,-0.426379904108207,15.296032895340598,851980.2110737044
Species902,-0.31927617047204154,14.95741751709094,646551.9170179137
Species903,-1.042884487663373,14.785810497934662,804816.5775929493
Species904,-1.4227904226680945,14.129687274461176,933889.1656009819
Species905,-0.24912319695586085,15.990774616418037,807895.1995432919
Species906,0.7894390659735845,14.657519084675219,1.0081056995467979e6
Species907,-0.2977634523331026,15.528016766975838,830248.6174914098
Species908,3.953345309457668,5.709539264010251,2.694872433744937e6
Species909,-0.19082177903822728,14.908662306332594,925139.4411092189
Species910,0.20421371401317262,16.110733964705258,837620.831566331
Species911,0.25529635964269537,15.914304476243462,995286.1263594915
Species912,-0.17024889438146162,15.702805210075994,947164.1182262206
Species913,-0.3363181939588844,15.767328803503833,990255.9961032239
Species914,-0.025857387748600337,14.772501321388873,902137.4187481189
Species915,0.11127989797557497,16.61772597911277,895928.3640257209
Species916,-0.8414230286717563,14.614956203394536,729201.8336386422
Species917,0.28212847723794865,15.57237956965963,822307.4301043436
Species918,0.04858401695334662,14.710437665286685,935716.1056956719
Species919,-0.3890655234719433,16.410656304607862,849919.7512155119
Species920,-0.6680597457091682,14.995014967581023,1.057110997839799e6
Species921,-0.03774379188043914,15.127993553755822,883289.6931593152
Species922,-2.8260294839242954,12.13005891413004,1.051731296719565e6
Species923,-0.7768648219479306,14.291606847053398,811254.1832420407
Species924,0.004020315790871044,15.954131591934805,821188.2870992642
Species925,5.908306250728338,9.220483028817306,7.030200323622937e6
Species926,-4.732658462293952,9.626747445000133,1.145536770818252e6
Species927,-0.3323371090700175,15.25137928412032,908730.2379014682
Species928,-2.959392238317219,12.113366498886704,1.0210951718393413e6
Species929,-0.28281478975188273,14.481989742802442,879296.61739746
Species930,0.7823343247936907,14.176878190938904,773816.800912797
Species931,-0.5549497275517515,15.849019396974935,761440.2106003708
Species932,-1.0752292155865653,14.8273481645907,948335.3914769532
Species933,0.4716129564261538,14.447193313311152,740632.4475883661
Species934,0.046292117454289974,15.50624355115332,847678.4551200115
Species935,0.4037573087373852,15.562082898205736,1.06720774327505e6
Species936,-0.3113351685901079,16.11793630232526,869862.7584999965
Species937,0.23117073865513788,15.946656951247828,769594.0918149514
Species938,-0.1271188537245333,15.682442239781441,1.0667554213938836e6
Species939,0.010344641428798094,15.15793825218,963823.0822254729
Species940,0.08209564995649664,14.352805600889427,900160.6646856148
Species941,-0.4101914949332172,15.378820001998196,826146.5082037944
Species942,-0.35604111864367144,15.009028819550581,875941.340062646
Species943,0.02151153464693639,15.08086131911068,936232.8827647687
Species944,-4.645649484033621,9.141544375111721,1.6590254973277107e6
Species945,-0.18310513986579915,15.778436920883415,1.0476669244252224e6
Species946,-0.112400249340366,16.473190586617136,885158.8075812837
Species947,0.515525113226744,14.913213468340146,874511.6792603271
Species948,-0.23167601674132443,15.917328882865515,899265.4540655997
Species949,-5.614239653690271,8.754117082661306,3.433995562780041e6
Species950,-0.23142598435880415,15.616883575797836,804071.1463089337
Species951,-0.3416833869426103,15.725473906187904,1.0259870912566618e6
Species952,-0.31015701909159943,15.547614134886599,951858.8531298699
Species953,-0.6303339362803744,15.896568067767065,1.0907382129591769e6
Species954,-9.152567534394928,5.733951641787584,6.171319648439621e7
Species955,0.14698874059597214,15.01612195293372,992434.2344387623
Species956,-0.24086428964952494,15.4548137960337,869061.6519469116
Species957,0.22659338994956799,16.454632532618437,1.0292362776919365e6
Species958,5.305720727187237,9.677430391106805,3.765238850023639e6
Species959,0.37058803104154026,15.527655222017321,936979.3542108223
Species960,1.765128635774349,12.897298399407946,1.1431241445434694e6
Species961,6.275196468080948,9.727473993282846,1.9385297355471425e7
Species962,0.29232632895158056,14.89769384453733,870308.1613289156
Species963,0.2781264318486262,16.198491361398347,955203.1746544903
Species964,1.7106225125291967,13.540298367192602,830503.1875425333
Species965,0.10419599394617336,15.233315596920642,999443.1195961295
Species966,3.8954934535869055,3.880163593693388,2.5912537177084223e6
Species967,-0.7850228616378162,15.440190524325956,973628.1371821304
Species968,0.3606302595782304,15.09926440126615,886830.6036429916
Species969,-5.019684690955412,9.340529949229126,2.7534246490869997e6
Species970,1.004681883718304,12.767407261752082,702873.1068423825
Species971,0.0375441520115156,15.712044256844212,987050.8237930516
Species972,-0.015709251184430666,16.253616061787323,907455.0395417392
Species973,-0.05678181968319538,15.708413589678667,985177.8585945156
Species974,0.10670155756876375,15.368696581916693,808796.5573989332
Species975,0.2176395680402883,15.153881427066791,867812.039555761
Species976,-4.625553577500655,9.953886109533325,1.527642400955539e6
Species977,-0.18231525449399066,16.086671036429102,803093.9556931029
Species978,0.10893442902083678,15.194503159203846,927431.3228785293
Species979,-0.42902716257978585,14.849405159522012,886350.1411096802
Species980,-0.4392207769998537,15.646272335354315,871851.4276268552
Species981,0.02733167384225489,16.489098264594816,962137.7691622811
Species982,-0.05174439582006017,14.902791254941025,832908.3308513961
Species983,0.2327137200305368,15.820729528230707,808240.6936490644
Species984,-0.001387414674014785,15.458977146650414,902216.6927776084
Species985,0.30396276118094295,15.468638459521443,965188.002831481
Species986,-0.3121953111474977,15.793569591880999,1.0079006675595237e6
Species987,0.10805221999534526,14.356429593057468,770860.1874989825
Species988,-0.8989568437194099,14.969421844703371,996198.3107396612
Species989,0.11874389395333823,15.650890109266662,940334.8990804631
Species990,-0.1373344605398954,15.779345720291795,858683.5045632629
Species991,-0.17961328944082686,15.326488080613036,871577.294916195
Species992,0.18016985009102668,15.6735997321761,1.0150998280269912e6
Species993,0.015643300631130803,15.635284601111598,805390.1070502006
Species994,-0.05451909762385172,16.218247426579246,795445.9918561967
Species995,3.2464619689888363,11.603206973773771,892569.9537375922
Species996,-9.947993565197015,3.4408131485957796,4.0260495972812384e7
Species997,0.15529709099836866,15.906621869671953,868246.169017627
Species998,-0.6794243881152199,14.950619218801702,918538.9163583906
Species999,0.3157057577504193,16.140366712203075,832400.9030606473
Species1000,-0.07974925895754871,15.808636415865257,778786.562046004
